districtid,timeid,cases
AN_Unknown,Overall,2186
AP_Anantapur,Overall,28096
AP_Chittoor,Overall,21519
AP_East Godavari,Overall,38292
AP_Guntur,Overall,24940
AP_Krishna,Overall,11783
AP_Kurnool,Overall,32012
AP_Prakasam,Overall,10763
AP_S.P.S. Nellore,Overall,16169
AP_Srikakulam,Overall,13320
AP_Visakhapatnam,Overall,23402
AP_Vizianagaram,Overall,11684
AP_West Godavari,Overall,22077
AP_Y.S.R. Kadapa,Overall,16133
AR_Anjaw,Overall,34
AR_Capital Complex,Overall,0
AR_Changlang,Overall,309
AR_East Kameng,Overall,150
AR_East Siang,Overall,183
AR_Kamle,Overall,1
AR_Kra Daadi,Overall,0
AR_Kurung Kumey,Overall,0
AR_Lepa Rada,Overall,17
AR_Lohit,Overall,116
AR_Longding,Overall,17
AR_Lower Dibang Valley,Overall,32
AR_Lower Siang,Overall,69
AR_Lower Subansiri,Overall,40
AR_Namsai,Overall,179
AR_Pakke Kessang,Overall,1
AR_Papum Pare,Overall,1027
AR_Shi Yomi,Overall,4
AR_Siang,Overall,3
AR_Tawang,Overall,67
AR_Tirap,Overall,77
AR_Upper Dibang Valley,Overall,0
AR_Upper Siang,Overall,31
AR_Upper Subansiri,Overall,13
AR_West Kameng,Overall,155
AR_West Siang,Overall,82
AS_Dibrugarh,Overall,0
AS_Udalguri,Overall,0
BR_Araria,Overall,1834
BR_Arwal,Overall,977
BR_Aurangabad,Overall,1755
BR_Banka,Overall,1276
BR_Begusarai,Overall,3816
BR_Bhagalpur,Overall,3920
BR_Bhojpur,Overall,2712
BR_Buxar,Overall,2295
BR_Darbhanga,Overall,1633
BR_East Champaran,Overall,3238
BR_Gaya,Overall,3555
BR_Gopalganj,Overall,1854
BR_Jamui,Overall,1250
BR_Jehanabad,Overall,1725
BR_Kaimur,Overall,957
BR_Katihar,Overall,3369
BR_Khagaria,Overall,1867
BR_Kishanganj,Overall,1324
BR_Lakhisarai,Overall,1250
BR_Madhepura,Overall,1318
BR_Madhubani,Overall,2549
BR_Munger,Overall,1884
BR_Muzaffarpur,Overall,3981
BR_Nalanda,Overall,3602
BR_Nawada,Overall,1814
BR_Patna,Overall,15868
BR_Purnia,Overall,2504
BR_Rohtas,Overall,3517
BR_Saharsa,Overall,1993
BR_Samastipur,Overall,2574
BR_Saran,Overall,3072
BR_Sheikhpura,Overall,1339
BR_Sheohar,Overall,534
BR_Sitamarhi,Overall,1702
BR_Siwan,Overall,2378
BR_Supaul,Overall,1754
BR_Vaishali,Overall,2853
BR_West Champaran,Overall,2527
CH_Chandigarh,Overall,1928
CT_Balod,Overall,149
CT_Baloda Bazar,Overall,525
CT_Balrampur,Overall,248
CT_Bametara,Overall,195
CT_Bastar,Overall,391
CT_Bijapur,Overall,119
CT_Bilaspur,Overall,960
CT_Dakshin Bastar Dantewada,Overall,163
CT_Dhamtari,Overall,71
CT_Durg,Overall,1318
CT_Gariaband,Overall,138
CT_Gaurela Pendra Marwahi,Overall,33
CT_Janjgir Champa,Overall,581
CT_Jashpur,Overall,295
CT_Kabeerdham,Overall,238
CT_Kondagaon,Overall,190
CT_Korba,Overall,496
CT_Koriya,Overall,166
CT_Mahasamund,Overall,245
CT_Mungeli,Overall,184
CT_Narayanpur,Overall,265
CT_Raigarh,Overall,530
CT_Raipur,Overall,4973
CT_Rajnandgaon,Overall,1119
CT_Sukma,Overall,188
CT_Surajpur,Overall,114
CT_Surguja,Overall,285
CT_Uttar Bastar Kanker,Overall,352
DL_Delhi,Overall,150652
DN_Dadra and Nagar Haveli,Overall,803
DN_Daman,Overall,846
DN_Diu,Overall,133
GA_Unknown,Overall,10970
GJ_Ahmedabad,Overall,28678
GJ_Amreli,Overall,828
GJ_Anand,Overall,612
GJ_Aravalli,Overall,345
GJ_Banaskantha,Overall,837
GJ_Bharuch,Overall,1153
GJ_Bhavnagar,Overall,2021
GJ_Botad,Overall,377
GJ_Chhota Udaipur,Overall,211
GJ_Dahod,Overall,867
GJ_Dang,Overall,30
GJ_Devbhumi Dwarka,Overall,105
GJ_Gandhinagar,Overall,1894
GJ_Gir Somnath,Overall,685
GJ_Jamnagar,Overall,1324
GJ_Junagadh,Overall,1295
GJ_Kheda,Overall,790
GJ_Kutch,Overall,853
GJ_Mahisagar,Overall,462
GJ_Mehsana,Overall,1250
GJ_Morbi,Overall,522
GJ_Narmada,Overall,470
GJ_Navsari,Overall,709
GJ_Panchmahal,Overall,840
GJ_Patan,Overall,749
GJ_Porbandar,Overall,177
GJ_Rajkot,Overall,3078
GJ_Sabarkantha,Overall,579
GJ_Surat,Overall,16452
GJ_Surendranagar,Overall,1026
GJ_Tapi,Overall,200
GJ_Vadodara,Overall,6167
GJ_Valsad,Overall,854
HP_Bilaspur,Overall,160
HP_Chamba,Overall,279
HP_Hamirpur,Overall,394
HP_Kangra,Overall,562
HP_Kinnaur,Overall,59
HP_Kullu,Overall,200
HP_Lahaul and Spiti,Overall,6
HP_Mandi,Overall,290
HP_Shimla,Overall,217
HP_Sirmaur,Overall,479
HP_Solan,Overall,914
HP_Una,Overall,314
HR_Ambala,Overall,2446
HR_Bhiwani,Overall,919
HR_Charkhi Dadri,Overall,215
HR_Faridabad,Overall,10782
HR_Fatehabad,Overall,536
HR_Gurugram,Overall,10122
HR_Hisar,Overall,1252
HR_Jhajjar,Overall,968
HR_Jind,Overall,375
HR_Kaithal,Overall,437
HR_Karnal,Overall,1487
HR_Kurukshetra,Overall,855
HR_Mahendragarh,Overall,1084
HR_Nuh,Overall,620
HR_Palwal,Overall,1241
HR_Panchkula,Overall,1125
HR_Panipat,Overall,1961
HR_Rewari,Overall,2476
HR_Rohtak,Overall,2015
HR_Sirsa,Overall,706
HR_Sonipat,Overall,3427
HR_Yamunanagar,Overall,565
JH_Bokaro,Overall,546
JH_Chatra,Overall,470
JH_Deoghar,Overall,739
JH_Dhanbad,Overall,1414
JH_Dumka,Overall,233
JH_East Singhbhum,Overall,3668
JH_Garhwa,Overall,734
JH_Giridih,Overall,1177
JH_Godda,Overall,629
JH_Gumla,Overall,509
JH_Hazaribagh,Overall,1009
JH_Jamtara,Overall,178
JH_Khunti,Overall,401
JH_Koderma,Overall,850
JH_Latehar,Overall,530
JH_Lohardaga,Overall,356
JH_Pakur,Overall,338
JH_Palamu,Overall,954
JH_Ramgarh,Overall,731
JH_Ranchi,Overall,4272
JH_Sahibganj,Overall,393
JH_Saraikela-Kharsawan,Overall,566
JH_Simdega,Overall,761
JH_West Singhbhum,Overall,667
JK_Anantnag,Overall,1709
JK_Bandipora,Overall,1301
JK_Baramulla,Overall,2351
JK_Budgam,Overall,1714
JK_Doda,Overall,331
JK_Ganderbal,Overall,849
JK_Jammu,Overall,1843
JK_Kathua,Overall,645
JK_Kishtwar,Overall,180
JK_Kulgam,Overall,1688
JK_Kupwara,Overall,1459
JK_Pulwama,Overall,2016
JK_Punch,Overall,316
JK_Rajouri,Overall,778
JK_Ramban,Overall,623
JK_Reasi,Overall,265
JK_Samba,Overall,546
JK_Shopiyan,Overall,1553
JK_Srinagar,Overall,6680
JK_Udhampur,Overall,642
KA_Bagalkote,Overall,3826
KA_Ballari,Overall,13048
KA_Belagavi,Overall,6958
KA_Bengaluru Rural,Overall,3264
KA_Bengaluru Urban,Overall,84185
KA_Bidar,Overall,3345
KA_Chamarajanagara,Overall,1484
KA_Chikkaballapura,Overall,2754
KA_Chikkamagaluru,Overall,2038
KA_Chitradurga,Overall,1393
KA_Dakshina Kannada,Overall,8373
KA_Davanagere,Overall,4756
KA_Dharwad,Overall,7147
KA_Gadag,Overall,2835
KA_Hassan,Overall,4293
KA_Haveri,Overall,2292
KA_Kalaburagi,Overall,8351
KA_Kodagu,Overall,886
KA_Kolar,Overall,2249
KA_Koppal,Overall,3111
KA_Mandya,Overall,3179
KA_Mysuru,Overall,9280
KA_Raichur,Overall,4751
KA_Ramanagara,Overall,1996
KA_Shivamogga,Overall,3587
KA_Tumakuru,Overall,3042
KA_Udupi,Overall,7496
KA_Uttara Kannada,Overall,3136
KA_Vijayapura,Overall,4480
KA_Yadgir,Overall,3537
KL_Alappuzha,Overall,3082
KL_Ernakulam,Overall,3307
KL_Idukki,Overall,1217
KL_Kannur,Overall,1931
KL_Kasaragod,Overall,3133
KL_Kollam,Overall,2401
KL_Kottayam,Overall,1948
KL_Kozhikode,Overall,2857
KL_Malappuram,Overall,4423
KL_Palakkad,Overall,3073
KL_Pathanamthitta,Overall,1955
KL_Thiruvananthapuram,Overall,8641
KL_Thrissur,Overall,2275
KL_Wayanad,Overall,1035
LA_Kargil,Overall,966
LA_Leh,Overall,913
MH_Ahmednagar,Overall,12152
MH_Akola,Overall,3190
MH_Amravati,Overall,3363
MH_Aurangabad,Overall,17923
MH_Beed,Overall,2427
MH_Bhandara,Overall,467
MH_Buldhana,Overall,2212
MH_Chandrapur,Overall,972
MH_Dhule,Overall,4770
MH_Gadchiroli,Overall,500
MH_Gondia,Overall,734
MH_Hingoli,Overall,939
MH_Jalgaon,Overall,16858
MH_Jalna,Overall,2950
MH_Kolhapur,Overall,12745
MH_Latur,Overall,4801
MH_Mumbai,Overall,128535
MH_Nagpur,Overall,11917
MH_Nanded,Overall,3692
MH_Nandurbar,Overall,1103
MH_Nashik,Overall,24444
MH_Osmanabad,Overall,3256
MH_Palghar,Overall,20243
MH_Parbhani,Overall,1331
MH_Pune,Overall,124641
MH_Raigad,Overall,22278
MH_Ratnagiri,Overall,2611
MH_Sangli,Overall,5744
MH_Satara,Overall,6793
MH_Sindhudurg,Overall,566
MH_Solapur,Overall,13614
MH_Thane,Overall,110938
MH_Wardha,Overall,345
MH_Washim,Overall,1122
MH_Yavatmal,Overall,1948
ML_East Garo Hills,Overall,1
ML_East Jaintia Hills,Overall,21
ML_East Khasi Hills,Overall,865
ML_North Garo Hills,Overall,8
ML_Ribhoi,Overall,154
ML_South Garo Hills,Overall,6
ML_South West Garo Hills,Overall,11
ML_South West Khasi Hills,Overall,1
ML_West Garo Hills,Overall,124
ML_West Jaintia Hills,Overall,24
ML_West Khasi Hills,Overall,13
MN_Churachandpur,Overall,0
MP_Agar Malwa,Overall,133
MP_Alirajpur,Overall,237
MP_Anuppur,Overall,105
MP_Ashoknagar,Overall,133
MP_Balaghat,Overall,186
MP_Barwani,Overall,957
MP_Betul,Overall,337
MP_Bhind,Overall,523
MP_Bhopal,Overall,8139
MP_Burhanpur,Overall,505
MP_Chhatarpur,Overall,419
MP_Chhindwara,Overall,270
MP_Damoh,Overall,397
MP_Datia,Overall,361
MP_Dewas,Overall,515
MP_Dhar,Overall,538
MP_Dindori,Overall,88
MP_Guna,Overall,126
MP_Gwalior,Overall,3230
MP_Harda,Overall,238
MP_Hoshangabad,Overall,349
MP_Indore,Overall,9414
MP_Jabalpur,Overall,2154
MP_Jhabua,Overall,249
MP_Katni,Overall,307
MP_Khandwa,Overall,746
MP_Khargone,Overall,1033
MP_Mandla,Overall,86
MP_Mandsaur,Overall,564
MP_Morena,Overall,1870
MP_Narsinghpur,Overall,261
MP_Neemuch,Overall,884
MP_Niwari,Overall,71
MP_Panna,Overall,177
MP_Raisen,Overall,471
MP_Rajgarh,Overall,484
MP_Ratlam,Overall,637
MP_Rewa,Overall,507
MP_Sagar,Overall,836
MP_Satna,Overall,301
MP_Sehore,Overall,424
MP_Seoni,Overall,108
MP_Shahdol,Overall,188
MP_Shajapur,Overall,336
MP_Sheopur,Overall,331
MP_Shivpuri,Overall,428
MP_Sidhi,Overall,207
MP_Singrauli,Overall,243
MP_Tikamgarh,Overall,346
MP_Ujjain,Overall,1390
MP_Umaria,Overall,62
MP_Vidisha,Overall,513
MZ_Aizawl,Overall,377
MZ_Champhai,Overall,16
MZ_Hnahthial,Overall,1
MZ_Khawzawl,Overall,3
MZ_Kolasib,Overall,70
MZ_Lawngtlai,Overall,24
MZ_Lunglei,Overall,105
MZ_Mamit,Overall,21
MZ_Saiha,Overall,26
MZ_Saitual,Overall,4
MZ_Serchhip,Overall,10
NL_Dimapur,Overall,1616
NL_Kiphire,Overall,4
NL_Kohima,Overall,797
NL_Longleng,Overall,5
NL_Mokokchung,Overall,18
NL_Mon,Overall,288
NL_Peren,Overall,343
NL_Phek,Overall,32
NL_Tuensang,Overall,52
NL_Wokha,Overall,28
NL_Zunheboto,Overall,93
OR_Angul,Overall,466
OR_Balangir,Overall,788
OR_Balasore,Overall,1684
OR_Bargarh,Overall,764
OR_Bhadrak,Overall,1300
OR_Boudh,Overall,257
OR_Cuttack,Overall,3619
OR_Deogarh,Overall,121
OR_Dhenkanal,Overall,796
OR_Gajapati,Overall,2212
OR_Ganjam,Overall,14122
OR_Jagatsinghpur,Overall,1010
OR_Jajpur,Overall,1831
OR_Jharsuguda,Overall,492
OR_Kalahandi,Overall,671
OR_Kandhamal,Overall,1201
OR_Kendrapara,Overall,788
OR_Kendujhar,Overall,1120
OR_Khordha,Overall,7784
OR_Koraput,Overall,1580
OR_Malkangiri,Overall,1083
OR_Mayurbhanj,Overall,1154
OR_Nabarangapur,Overall,454
OR_Nayagarh,Overall,1334
OR_Nuapada,Overall,233
OR_Puri,Overall,1555
OR_Rayagada,Overall,1804
OR_Sambalpur,Overall,1328
OR_Subarnapur,Overall,274
OR_Sundargarh,Overall,2805
PB_Amritsar,Overall,2670
PB_Barnala,Overall,570
PB_Bathinda,Overall,1072
PB_Faridkot,Overall,518
PB_Fatehgarh Sahib,Overall,615
PB_Fazilka,Overall,405
PB_Ferozepur,Overall,805
PB_Gurdaspur,Overall,1007
PB_Hoshiarpur,Overall,773
PB_Jalandhar,Overall,3727
PB_Kapurthala,Overall,568
PB_Ludhiana,Overall,6438
PB_Mansa,Overall,258
PB_Moga,Overall,677
PB_Pathankot,Overall,708
PB_Patiala,Overall,3374
PB_Rupnagar,Overall,419
PB_S.A.S. Nagar,Overall,1647
PB_Sangrur,Overall,1432
PB_Shahid Bhagat Singh Nagar,Overall,444
PB_Sri Muktsar Sahib,Overall,358
PB_Tarn Taran,Overall,528
PY_Karaikal,Overall,427
PY_Mahe,Overall,28
PY_Puducherry,Overall,6049
PY_Yanam,Overall,491
RJ_Ajmer,Overall,2947
RJ_Alwar,Overall,5681
RJ_Banswara,Overall,364
RJ_Baran,Overall,323
RJ_Barmer,Overall,1869
RJ_Bharatpur,Overall,3126
RJ_Bhilwara,Overall,1198
RJ_Bikaner,Overall,2991
RJ_Bundi,Overall,370
RJ_Chittorgarh,Overall,527
RJ_Churu,Overall,745
RJ_Dausa,Overall,400
RJ_Dholpur,Overall,1712
RJ_Dungarpur,Overall,790
RJ_Ganganagar,Overall,434
RJ_Hanumangarh,Overall,276
RJ_Jaipur,Overall,7144
RJ_Jaisalmer,Overall,263
RJ_Jalore,Overall,1274
RJ_Jhalawar,Overall,888
RJ_Jhunjhunu,Overall,753
RJ_Jodhpur,Overall,8749
RJ_Karauli,Overall,458
RJ_Kota,Overall,3412
RJ_Nagaur,Overall,1873
RJ_Pali,Overall,3305
RJ_Pratapgarh,Overall,246
RJ_Rajsamand,Overall,827
RJ_Sawai Madhopur,Overall,346
RJ_Sikar,Overall,1823
RJ_Sirohi,Overall,999
RJ_Tonk,Overall,427
RJ_Udaipur,Overall,1815
SK_Unknown,Overall,1080
TG_Unknown,Overall,88396
TN_Airport Quarantine,Overall,1603
TN_Ariyalur,Overall,1642
TN_Chengalpattu,Overall,20080
TN_Chennai,Overall,114260
TN_Coimbatore,Overall,8274
TN_Cuddalore,Overall,6165
TN_Dharmapuri,Overall,969
TN_Dindigul,Overall,4524
TN_Erode,Overall,1334
TN_Kallakurichi,Overall,4776
TN_Kancheepuram,Overall,13409
TN_Kanyakumari,Overall,7178
TN_Karur,Overall,939
TN_Krishnagiri,Overall,1552
TN_Madurai,Overall,12561
TN_Nagapattinam,Overall,1422
TN_Namakkal,Overall,1144
TN_Nilgiris,Overall,1010
TN_Perambalur,Overall,863
TN_Pudukkottai,Overall,3818
TN_Ramanathapuram,Overall,3898
TN_Ranipet,Overall,7963
TN_Salem,Overall,5537
TN_Sivaganga,Overall,3271
TN_Tenkasi,Overall,3725
TN_Thanjavur,Overall,4652
TN_Theni,Overall,9489
TN_Thiruvallur,Overall,18958
TN_Thiruvarur,Overall,2202
TN_Thoothukkudi,Overall,9790
TN_Tiruchirappalli,Overall,5654
TN_Tirunelveli,Overall,7229
TN_Tirupathur,Overall,1932
TN_Tiruppur,Overall,1431
TN_Tiruvannamalai,Overall,8514
TN_Vellore,Overall,8078
TN_Viluppuram,Overall,5033
TN_Virudhunagar,Overall,10938
TR_Dhalai,Overall,684
TR_Gomati,Overall,1133
TR_Khowai,Overall,601
TR_North Tripura,Overall,642
TR_Sipahijala,Overall,1304
TR_South Tripura,Overall,430
TR_Unokoti,Overall,150
TR_West Tripura,Overall,1838
UP_Agra,Overall,2237
UP_Aligarh,Overall,2406
UP_Ambedkar Nagar,Overall,498
UP_Amethi,Overall,770
UP_Amroha,Overall,1033
UP_Auraiya,Overall,683
UP_Ayodhya,Overall,1889
UP_Azamgarh,Overall,2068
UP_Baghpat,Overall,724
UP_Bahraich,Overall,1275
UP_Ballia,Overall,2904
UP_Balrampur,Overall,570
UP_Banda,Overall,430
UP_Barabanki,Overall,1977
UP_Bareilly,Overall,4516
UP_Basti,Overall,1810
UP_Bhadohi,Overall,804
UP_Bijnor,Overall,1060
UP_Budaun,Overall,751
UP_Bulandshahr,Overall,1721
UP_Chandauli,Overall,1362
UP_Chitrakoot,Overall,340
UP_Deoria,Overall,2322
UP_Etah,Overall,594
UP_Etawah,Overall,1161
UP_Farrukhabad,Overall,756
UP_Fatehpur,Overall,871
UP_Firozabad,Overall,1003
UP_Gautam Buddha Nagar,Overall,6302
UP_Ghaziabad,Overall,6309
UP_Ghazipur,Overall,1906
UP_Gonda,Overall,1446
UP_Gorakhpur,Overall,4730
UP_Hamirpur,Overall,423
UP_Hapur,Overall,1471
UP_Hardoi,Overall,1628
UP_Hathras,Overall,365
UP_Jalaun,Overall,886
UP_Jaunpur,Overall,2933
UP_Jhansi,Overall,3037
UP_Kannauj,Overall,1252
UP_Kanpur Dehat,Overall,559
UP_Kanpur Nagar,Overall,9719
UP_Kasganj,Overall,582
UP_Kaushambi,Overall,545
UP_Kushinagar,Overall,1738
UP_Lakhimpur Kheri,Overall,1041
UP_Lalitpur,Overall,676
UP_Lucknow,Overall,15981
UP_Maharajganj,Overall,1506
UP_Mahoba,Overall,341
UP_Mainpuri,Overall,1042
UP_Mathura,Overall,1413
UP_Mau,Overall,910
UP_Meerut,Overall,2843
UP_Mirzapur,Overall,1190
UP_Moradabad,Overall,2834
UP_Muzaffarnagar,Overall,1201
UP_Pilibhit,Overall,1475
UP_Pratapgarh,Overall,1024
UP_Prayagraj,Overall,5167
UP_Rae Bareli,Overall,966
UP_Rampur,Overall,1828
UP_Saharanpur,Overall,2006
UP_Sambhal,Overall,1228
UP_Sant Kabir Nagar,Overall,1499
UP_Shahjahanpur,Overall,1878
UP_Shamli,Overall,635
UP_Shrawasti,Overall,360
UP_Siddharthnagar,Overall,1540
UP_Sitapur,Overall,1089
UP_Sonbhadra,Overall,1052
UP_Sultanpur,Overall,1523
UP_Unnao,Overall,1321
UP_Varanasi,Overall,5352
UT_Almora,Overall,368
UT_Bageshwar,Overall,179
UT_Chamoli,Overall,156
UT_Champawat,Overall,195
UT_Dehradun,Overall,2345
UT_Haridwar,Overall,2800
UT_Nainital,Overall,1678
UT_Pauri Garhwal,Overall,296
UT_Pithoragarh,Overall,212
UT_Rudraprayag,Overall,112
UT_Tehri Garhwal,Overall,693
UT_Udham Singh Nagar,Overall,2200
UT_Uttarkashi,Overall,381
WB_Alipurduar,Overall,905
WB_Bankura,Overall,1303
WB_Birbhum,Overall,1167
WB_Cooch Behar,Overall,1637
WB_Dakshin Dinajpur,Overall,2063
WB_Darjeeling,Overall,3439
WB_Hooghly,Overall,5194
WB_Howrah,Overall,10819
WB_Jalpaiguri,Overall,2060
WB_Jhargram,Overall,114
WB_Kalimpong,Overall,277
WB_Kolkata,Overall,31085
WB_Malda,Overall,3643
WB_Murshidabad,Overall,1815
WB_Nadia,Overall,2102
WB_North 24 Parganas,Overall,23467
WB_Paschim Bardhaman,Overall,1980
WB_Paschim Medinipur,Overall,1882
WB_Purba Bardhaman,Overall,1830
WB_Purba Medinipur,Overall,3316
WB_Purulia,Overall,524
WB_South 24 Parganas,Overall,8133
WB_Uttar Dinajpur,Overall,1537
