districtid,timeid,dose1,dose2
AN_Nicobars,Overall,22081,8110
AN_North and Middle Andaman,Overall,68043,29281
AN_South Andaman,Overall,142585,59896
AP_Anantapur,Overall,1364374,597346
AP_Chittoor,Overall,1565591,640864
AP_East Godavari,Overall,1927490,552473
AP_Guntur,Overall,1758535,592441
AP_Krishna,Overall,1756261,557589
AP_Kurnool,Overall,1242692,492628
AP_Prakasam,Overall,1231912,515791
AP_S.P.S. Nellore,Overall,1158076,528689
AP_Srikakulam,Overall,1028569,336972
AP_Visakhapatnam,Overall,1875574,623159
AP_Vizianagaram,Overall,921086,220017
AP_West Godavari,Overall,1642547,431963
AP_Y.S.R. Kadapa,Overall,1043434,395280
AR_Anjaw,Overall,10922,2549
AR_Changlang,Overall,75590,16906
AR_East Kameng,Overall,20421,6183
AR_East Siang,Overall,51321,16080
AR_Kamle,Overall,6199,1537
AR_Kra Daadi,Overall,5837,1741
AR_Kurung Kumey,Overall,8574,2847
AR_Lepa Rada,Overall,12956,4959
AR_Lohit,Overall,27886,6710
AR_Longding,Overall,17969,3265
AR_Lower Dibang Valley,Overall,29726,8102
AR_Lower Siang,Overall,15692,4567
AR_Lower Subansiri,Overall,24812,8151
AR_Namsai,Overall,57846,12607
AR_Pakke Kessang,Overall,7668,2984
AR_Papum Pare,Overall,95012,28595
AR_Papum Pare,Overall,28245,9726
AR_Shi Yomi,Overall,6719,2298
AR_Siang,Overall,13877,4273
AR_Tawang,Overall,27675,9166
AR_Tirap,Overall,29015,5633
AR_Upper Dibang Valley,Overall,3915,1234
AR_Upper Siang,Overall,17475,6358
AR_Upper Subansiri,Overall,23099,7267
AR_West Kameng,Overall,49879,13683
AR_West Siang,Overall,32647,12316
AS_Baksa,Overall,263822,43318
AS_Barpeta,Overall,503553,133271
AS_Biswanath,Overall,342059,50926
AS_Bongaigaon,Overall,269597,57107
AS_Cachar,Overall,489044,101114
AS_Charaideo,Overall,199865,31684
AS_Chirang,Overall,151312,32751
AS_Darrang,Overall,280728,57463
AS_Dhemaji,Overall,279226,56455
AS_Dhubri,Overall,328637,73776
AS_Dibrugarh,Overall,556467,138516
AS_Dima Hasao,Overall,81926,21625
AS_Goalpara,Overall,293385,53550
AS_Golaghat,Overall,489257,88744
AS_Hailakandi,Overall,235569,43931
AS_Hojai,Overall,306933,68878
AS_Jorhat,Overall,503031,100117
AS_Kamrup,Overall,607960,144232
AS_Kamrup Metropolitan,Overall,1021908,312364
AS_Karbi Anglong,Overall,149963,37250
AS_Karimganj,Overall,283443,60499
AS_Kokrajhar,Overall,261219,51130
AS_Lakhimpur,Overall,437664,71887
AS_Majuli,Overall,102129,28372
AS_Morigaon,Overall,353676,51176
AS_Nagaon,Overall,607354,132272
AS_Nalbari,Overall,266558,51355
AS_Sivasagar,Overall,348789,65529
AS_Sonitpur,Overall,569789,135581
AS_South Salmara Mankachar,Overall,147101,8487
AS_Tinsukia,Overall,402046,81923
AS_Udalguri,Overall,221841,44498
AS_West Karbi Anglong,Overall,74202,13119
BR_Araria,Overall,567117,103824
BR_Arwal,Overall,213962,28476
BR_Aurangabad,Overall,541455,71363
BR_Banka,Overall,487527,77742
BR_Begusarai,Overall,713926,112529
BR_Bhagalpur,Overall,894035,170988
BR_Bhojpur,Overall,596080,99551
BR_Buxar,Overall,412175,75792
BR_Darbhanga,Overall,977344,185612
BR_East Champaran,Overall,1182584,207812
BR_Gaya,Overall,956039,202428
BR_Gopalganj,Overall,535391,84542
BR_Jamui,Overall,385107,59472
BR_Jehanabad,Overall,282961,53212
BR_Kaimur,Overall,343454,45740
BR_Katihar,Overall,626223,89975
BR_Khagaria,Overall,366765,56768
BR_Kishanganj,Overall,336450,50253
BR_Lakhisarai,Overall,221035,33930
BR_Madhepura,Overall,413567,70339
BR_Madhubani,Overall,948197,186667
BR_Munger,Overall,382065,64451
BR_Muzaffarpur,Overall,1067700,193496
BR_Nalanda,Overall,769782,169833
BR_Nawada,Overall,487326,84583
BR_Patna,Overall,2510147,855821
BR_Purnia,Overall,829600,163272
BR_Rohtas,Overall,673227,110046
BR_Saharsa,Overall,425804,77479
BR_Samastipur,Overall,963863,176117
BR_Saran,Overall,1034080,212980
BR_Sheikhpura,Overall,166526,29858
BR_Sheohar,Overall,169238,38021
BR_Sitamarhi,Overall,722754,121124
BR_Siwan,Overall,908868,181050
BR_Supaul,Overall,457336,78453
BR_Vaishali,Overall,785921,137158
BR_West Champaran,Overall,811747,98510
CH_Chandigarh,Overall,733579,244351
CT_Balod,Overall,340468,104541
CT_Baloda Bazar,Overall,346166,84677
CT_Balrampur,Overall,194776,39958
CT_Bametara,Overall,178460,44883
CT_Bastar,Overall,269727,70849
CT_Bijapur,Overall,79453,28074
CT_Bilaspur,Overall,576150,192418
CT_Dakshin Bastar Dantewada,Overall,111700,35220
CT_Dhamtari,Overall,310503,91399
CT_Durg,Overall,612155,258651
CT_Gariaband,Overall,167276,39250
CT_Gaurela Pendra Marwahi,Overall,110668,22823
CT_Janjgir Champa,Overall,449745,131719
CT_Jashpur,Overall,261734,65103
CT_Kabeerdham,Overall,256111,63224
CT_Kondagaon,Overall,170183,32747
CT_Korba,Overall,418071,123357
CT_Koriya,Overall,182023,47728
CT_Mahasamund,Overall,462204,144523
CT_Mungeli,Overall,194402,50053
CT_Narayanpur,Overall,34817,11993
CT_Raigarh,Overall,900766,270605
CT_Raipur,Overall,1156518,394988
CT_Rajnandgaon,Overall,684394,170975
CT_Sukma,Overall,106266,33333
CT_Surajpur,Overall,229363,49171
CT_Surguja,Overall,334150,101524
CT_Uttar Bastar Kanker,Overall,245262,72095
DL_Central Delhi,Overall,818553,307826
DL_East Delhi,Overall,640252,239209
DL_New Delhi,Overall,648056,320117
DL_North Delhi,Overall,664394,226801
DL_North East Delhi,Overall,521929,164757
DL_North West Delhi,Overall,958245,388152
DL_Shahdara,Overall,562883,219941
DL_South Delhi,Overall,905028,343579
DL_South East Delhi,Overall,787012,309115
DL_South West Delhi,Overall,903744,366120
DL_West Delhi,Overall,840906,379384
DN_Dadra and Nagar Haveli,Overall,349660,41505
DN_Daman,Overall,210798,35274
DN_Diu,Overall,37922,13642
GA_North Goa,Overall,528276,158303
GA_South Goa,Overall,584539,171606
GJ_Ahmedabad,Overall,893804,195103
GJ_Ahmedabad,Overall,3270942,1017661
GJ_Amreli,Overall,613704,221915
GJ_Anand,Overall,941889,300552
GJ_Aravalli,Overall,486722,181254
GJ_Banaskantha,Overall,1351811,489198
GJ_Bharuch,Overall,828098,223145
GJ_Bhavnagar,Overall,667964,197907
GJ_Bhavnagar,Overall,333253,132710
GJ_Botad,Overall,299375,61961
GJ_Chhota Udaipur,Overall,431915,153733
GJ_Dahod,Overall,733809,355177
GJ_Dang,Overall,69744,17846
GJ_Devbhumi Dwarka,Overall,407654,136967
GJ_Gandhinagar,Overall,603222,156067
GJ_Gandhinagar,Overall,320630,101494
GJ_Gir Somnath,Overall,539065,145611
GJ_Jamnagar,Overall,462641,144289
GJ_Jamnagar,Overall,339373,114645
GJ_Junagadh,Overall,582039,193129
GJ_Junagadh,Overall,186763,68904
GJ_Kheda,Overall,889255,267484
GJ_Kutch,Overall,939684,265734
GJ_Mahisagar,Overall,441590,221624
GJ_Mehsana,Overall,970192,356885
GJ_Morbi,Overall,432833,103388
GJ_Narmada,Overall,293108,118086
GJ_Navsari,Overall,635674,229345
GJ_Panchmahal,Overall,679468,223003
GJ_Patan,Overall,570006,182788
GJ_Porbandar,Overall,320244,129120
GJ_Rajkot,Overall,812705,214503
GJ_Rajkot,Overall,936246,327298
GJ_Sabarkantha,Overall,700217,215686
GJ_Surat,Overall,763875,190174
GJ_Surat,Overall,2494141,782548
GJ_Surendranagar,Overall,753625,134571
GJ_Tapi,Overall,360557,107999
GJ_Vadodara,Overall,852772,224537
GJ_Vadodara,Overall,1245976,450272
GJ_Valsad,Overall,762723,269206
HP_Bilaspur,Overall,289995,100084
HP_Chamba,Overall,305027,82432
HP_Hamirpur,Overall,358566,134460
HP_Kangra,Overall,1062430,332518
HP_Kinnaur,Overall,74065,22933
HP_Kullu,Overall,295658,87375
HP_Lahaul and Spiti,Overall,26939,8661
HP_Mandi,Overall,688121,233717
HP_Shimla,Overall,561724,189175
HP_Sirmaur,Overall,327619,74356
HP_Solan,Overall,563827,120837
HP_Una,Overall,396818,127147
HR_Ambala,Overall,648861,256730
HR_Bhiwani,Overall,421560,103054
HR_Charkhi Dadri,Overall,307834,88366
HR_Faridabad,Overall,1039257,311343
HR_Fatehabad,Overall,326567,82393
HR_Gurugram,Overall,1544589,517662
HR_Hisar,Overall,500835,120255
HR_Jhajjar,Overall,389811,107813
HR_Jind,Overall,338393,81282
HR_Kaithal,Overall,334728,81923
HR_Karnal,Overall,548360,192305
HR_Kurukshetra,Overall,347878,106880
HR_Mahendragarh,Overall,360294,106498
HR_Nuh,Overall,155316,24748
HR_Palwal,Overall,349355,73996
HR_Panchkula,Overall,339498,126331
HR_Panipat,Overall,359823,111903
HR_Rewari,Overall,356215,126591
HR_Rohtak,Overall,385391,116915
HR_Sirsa,Overall,437081,122678
HR_Sonipat,Overall,575767,191322
HR_Yamunanagar,Overall,424693,140517
JH_Bokaro,Overall,468147,144323
JH_Chatra,Overall,265172,44789
JH_Deoghar,Overall,383729,78267
JH_Dhanbad,Overall,604509,202493
JH_Dumka,Overall,360252,72045
JH_East Singhbhum,Overall,770884,271536
JH_Garhwa,Overall,294093,59833
JH_Giridih,Overall,576441,98036
JH_Godda,Overall,381260,65117
JH_Gumla,Overall,278365,61993
JH_Hazaribagh,Overall,497004,113149
JH_Jamtara,Overall,238934,51971
JH_Khunti,Overall,153184,44994
JH_Koderma,Overall,263987,49638
JH_Latehar,Overall,170217,34354
JH_Lohardaga,Overall,136824,27977
JH_Pakur,Overall,235442,39677
JH_Palamu,Overall,510029,110720
JH_Ramgarh,Overall,272596,71577
JH_Ranchi,Overall,825443,263325
JH_Sahibganj,Overall,263913,43544
JH_Saraikela-Kharsawan,Overall,276823,67674
JH_Simdega,Overall,197159,34112
JH_West Singhbhum,Overall,373514,83787
JK_Anantnag,Overall,373523,96869
JK_Bandipora,Overall,149410,40015
JK_Baramulla,Overall,416970,118376
JK_Budgam,Overall,306134,97803
JK_Doda,Overall,201478,43023
JK_Ganderbal,Overall,138708,42603
JK_Jammu,Overall,706565,325744
JK_Kathua,Overall,305603,82214
JK_Kishtwar,Overall,104153,29965
JK_Kulgam,Overall,212565,60790
JK_Kupwara,Overall,360028,61613
JK_Pulwama,Overall,249598,70638
JK_Punch,Overall,253523,45015
JK_Rajouri,Overall,311010,58580
JK_Ramban,Overall,164429,48470
JK_Reasi,Overall,182715,37381
JK_Samba,Overall,192423,64180
JK_Shopiyan,Overall,120282,42435
JK_Srinagar,Overall,489945,128434
JK_Udhampur,Overall,307165,79284
KA_Bagalkote,Overall,666251,185496
KA_Ballari,Overall,971507,282814
KA_Belagavi,Overall,1606873,441241
KA_Bengaluru Rural,Overall,442590,118346
KA_Bengaluru Urban,Overall,993417,224985
KA_Bengaluru Urban,Overall,6269926,1831702
KA_Bidar,Overall,607557,151287
KA_Chamarajanagara,Overall,401003,109583
KA_Chikkaballapura,Overall,512675,155959
KA_Chikkamagaluru,Overall,390270,166404
KA_Chitradurga,Overall,621646,212319
KA_Dakshina Kannada,Overall,993379,312039
KA_Davanagere,Overall,615031,154013
KA_Dharwad,Overall,727618,202268
KA_Gadag,Overall,372155,124221
KA_Hassan,Overall,686651,228657
KA_Haveri,Overall,466300,116038
KA_Kalaburagi,Overall,747715,184076
KA_Kodagu,Overall,239366,88071
KA_Kolar,Overall,685352,160867
KA_Koppal,Overall,485990,137214
KA_Mandya,Overall,739470,211163
KA_Mysuru,Overall,1436322,503350
KA_Raichur,Overall,572771,143759
KA_Ramanagara,Overall,483697,183849
KA_Shivamogga,Overall,655560,212328
KA_Tumakuru,Overall,1015968,275555
KA_Udupi,Overall,600711,220649
KA_Uttara Kannada,Overall,566530,196730
KA_Vijayapura,Overall,725018,179674
KA_Yadgir,Overall,363011,122734
KL_Alappuzha,Overall,1027552,448687
KL_Ernakulam,Overall,2223747,745275
KL_Idukki,Overall,621939,216039
KL_Kannur,Overall,1232803,504665
KL_Kasaragod,Overall,643329,281687
KL_Kollam,Overall,1316718,505635
KL_Kottayam,Overall,1065097,419359
KL_Kozhikode,Overall,1506653,585899
KL_Malappuram,Overall,1392634,561718
KL_Palakkad,Overall,1209284,421074
KL_Pathanamthitta,Overall,879424,382059
KL_Thiruvananthapuram,Overall,1955708,743860
KL_Thrissur,Overall,1604016,631094
KL_Wayanad,Overall,602787,210762
LA_Kargil,Overall,82806,29998
LA_Leh,Overall,106729,42827
LD_Lakshadweep,Overall,51678,17875
MH_Ahmednagar,Overall,1011761,398032
MH_Akola,Overall,431233,167155
MH_Amravati,Overall,691927,251834
MH_Aurangabad,Overall,997525,333225
MH_Beed,Overall,611007,190610
MH_Bhandara,Overall,466299,153751
MH_Buldhana,Overall,658422,229351
MH_Chandrapur,Overall,581626,169035
MH_Dhule,Overall,534288,169102
MH_Gadchiroli,Overall,287000,69355
MH_Gondia,Overall,556195,144079
MH_Hingoli,Overall,244667,58953
MH_Jalgaon,Overall,831795,271794
MH_Jalna,Overall,524100,157856
MH_Kolhapur,Overall,1281779,700029
MH_Latur,Overall,615120,203038
MH_Mumbai,Overall,6169741,2075554
MH_Nagpur,Overall,1972659,698551
MH_Nanded,Overall,676284,225318
MH_Nandurbar,Overall,426892,108510
MH_Nashik,Overall,1554167,548271
MH_Osmanabad,Overall,371522,125176
MH_Palghar,Overall,602297,216487
MH_Parbhani,Overall,449641,147665
MH_Pune,Overall,5097676,1772882
MH_Raigad,Overall,752669,245866
MH_Ratnagiri,Overall,418962,136049
MH_Sangli,Overall,1021917,429256
MH_Satara,Overall,1026507,440652
MH_Sindhudurg,Overall,291705,107470
MH_Solapur,Overall,824586,301349
MH_Thane,Overall,2898733,1064471
MH_Wardha,Overall,444124,143957
MH_Washim,Overall,387960,142456
MH_Yavatmal,Overall,670562,216553
ML_East Garo Hills,Overall,38891,10335
ML_East Jaintia Hills,Overall,53634,13228
ML_East Khasi Hills,Overall,287501,84505
ML_North Garo Hills,Overall,51584,11143
ML_Ribhoi,Overall,79479,17162
ML_South Garo Hills,Overall,31406,9316
ML_South West Garo Hills,Overall,62659,15253
ML_South West Khasi Hills,Overall,30510,6384
ML_West Garo Hills,Overall,189614,46616
ML_West Jaintia Hills,Overall,76299,21453
ML_West Khasi Hills,Overall,67223,21964
MN_Bishnupur,Overall,122294,21518
MN_Chandel,Overall,24897,7736
MN_Churachandpur,Overall,98473,23909
MN_Imphal East,Overall,238949,60824
MN_Imphal West,Overall,291475,69468
MN_Jiribam,Overall,25146,3777
MN_Kakching,Overall,76850,15197
MN_Kamjong,Overall,9620,1689
MN_Kangpokpi,Overall,36150,7067
MN_Noney,Overall,16090,4369
MN_Pherzawl,Overall,10543,3232
MN_Senapati,Overall,25278,4958
MN_Tamenglong,Overall,18480,4930
MN_Tengnoupal,Overall,23357,5073
MN_Thoubal,Overall,137355,26902
MN_Ukhrul,Overall,18929,5701
MP_Agar Malwa,Overall,267422,36015
MP_Alirajpur,Overall,243565,31867
MP_Anuppur,Overall,302339,43838
MP_Ashoknagar,Overall,333750,54473
MP_Balaghat,Overall,680509,117674
MP_Barwani,Overall,460501,62901
MP_Betul,Overall,670754,133950
MP_Bhind,Overall,606743,94150
MP_Bhopal,Overall,1620046,466679
MP_Burhanpur,Overall,330007,81501
MP_Chhatarpur,Overall,640479,97115
MP_Chhindwara,Overall,824517,155235
MP_Damoh,Overall,525156,71381
MP_Datia,Overall,352859,56033
MP_Dewas,Overall,683531,118989
MP_Dhar,Overall,786773,133943
MP_Dindori,Overall,309523,44344
MP_Guna,Overall,487928,74216
MP_Gwalior,Overall,1027971,254217
MP_Harda,Overall,341010,55710
MP_Hoshangabad,Overall,532804,113248
MP_Indore,Overall,2609433,711027
MP_Jabalpur,Overall,1305455,341432
MP_Jhabua,Overall,341162,51907
MP_Katni,Overall,490699,79883
MP_Khandwa,Overall,572203,93789
MP_Khargone,Overall,693825,111344
MP_Mandla,Overall,378878,55832
MP_Mandsaur,Overall,537652,90807
MP_Morena,Overall,695887,110701
MP_Narsinghpur,Overall,487537,87271
MP_Neemuch,Overall,389449,80126
MP_Panna,Overall,390820,39235
MP_Raisen,Overall,541197,81874
MP_Rajgarh,Overall,691364,101736
MP_Ratlam,Overall,635463,121833
MP_Rewa,Overall,861183,168522
MP_Sagar,Overall,1051433,230178
MP_Satna,Overall,737747,142797
MP_Sehore,Overall,694599,133683
MP_Seoni,Overall,546792,94796
MP_Shahdol,Overall,508236,77403
MP_Shajapur,Overall,415951,76695
MP_Sheopur,Overall,197800,28011
MP_Shivpuri,Overall,580330,80650
MP_Sidhi,Overall,393113,47455
MP_Singrauli,Overall,409156,58771
MP_Tikamgarh,Overall,545079,94769
MP_Ujjain,Overall,1111911,267505
MP_Umaria,Overall,249255,34650
MP_Vidisha,Overall,572841,101467
MZ_Aizawl,Overall,179337,60984
MZ_Aizawl,Overall,123830,40553
MZ_Champhai,Overall,69664,25156
MZ_Kolasib,Overall,44798,14153
MZ_Lawngtlai,Overall,39755,10188
MZ_Lunglei,Overall,87150,30779
MZ_Mamit,Overall,41954,12962
MZ_Saiha,Overall,32974,8023
MZ_Serchhip,Overall,40647,14893
NL_Dimapur,Overall,230052,48778
NL_Kiphire,Overall,12246,3552
NL_Kohima,Overall,97323,25023
NL_Longleng,Overall,19802,6045
NL_Mokokchung,Overall,65213,21730
NL_Mon,Overall,64706,18142
NL_Peren,Overall,17497,5597
NL_Phek,Overall,29328,9612
NL_Tuensang,Overall,34634,9496
NL_Wokha,Overall,32634,12015
NL_Zunheboto,Overall,35944,7950
OR_Angul,Overall,375831,82830
OR_Balangir,Overall,541895,93135
OR_Balasore,Overall,689420,264589
OR_Bargarh,Overall,428881,109536
OR_Bhadrak,Overall,543316,125676
OR_Boudh,Overall,133566,28351
OR_Cuttack,Overall,930295,284638
OR_Deogarh,Overall,117016,22971
OR_Dhenkanal,Overall,419475,93532
OR_Gajapati,Overall,196970,43736
OR_Ganjam,Overall,1516454,468809
OR_Jagatsinghpur,Overall,323687,119052
OR_Jajpur,Overall,542859,149573
OR_Jharsuguda,Overall,254837,56059
OR_Kalahandi,Overall,461519,123538
OR_Kandhamal,Overall,226470,56560
OR_Kendrapara,Overall,490467,133965
OR_Kendujhar,Overall,567179,122056
OR_Khordha,Overall,1492206,1010751
OR_Koraput,Overall,522845,122770
OR_Malkangiri,Overall,178852,36420
OR_Mayurbhanj,Overall,660631,161227
OR_Nabarangapur,Overall,340015,58839
OR_Nayagarh,Overall,321607,83092
OR_Nuapada,Overall,270910,43368
OR_Puri,Overall,668750,166003
OR_Rayagada,Overall,329634,69022
OR_Sambalpur,Overall,535273,111778
OR_Subarnapur,Overall,239736,50193
OR_Sundargarh,Overall,689061,182855
PB_Amritsar,Overall,622939,189905
PB_Barnala,Overall,138489,36141
PB_Bathinda,Overall,299373,86420
PB_Faridkot,Overall,168040,55432
PB_Fatehgarh Sahib,Overall,193007,40954
PB_Fazilka,Overall,197864,48339
PB_Ferozepur,Overall,181325,46378
PB_Gurdaspur,Overall,522149,187547
PB_Hoshiarpur,Overall,727070,235989
PB_Jalandhar,Overall,814817,285628
PB_Kapurthala,Overall,232695,78780
PB_Ludhiana,Overall,1208461,385499
PB_Mansa,Overall,135381,30975
PB_Moga,Overall,237374,54243
PB_Pathankot,Overall,274125,87770
PB_Patiala,Overall,570089,159553
PB_Rupnagar,Overall,223007,50352
PB_S.A.S. Nagar,Overall,640534,195695
PB_Sangrur,Overall,299555,80397
PB_Shahid Bhagat Singh Nagar,Overall,212785,68475
PB_Sri Muktsar Sahib,Overall,250136,54258
PB_Tarn Taran,Overall,256804,59903
PY_Karaikal,Overall,96042,19465
PY_Mahe,Overall,30907,13126
PY_Puducherry,Overall,462735,119497
PY_Yanam,Overall,26594,5148
RJ_Ajmer,Overall,1260157,417164
RJ_Alwar,Overall,1470360,530526
RJ_Banswara,Overall,724958,194414
RJ_Baran,Overall,488924,127621
RJ_Barmer,Overall,998839,289458
RJ_Bharatpur,Overall,968677,244845
RJ_Bhilwara,Overall,960891,282707
RJ_Bikaner,Overall,1001520,355014
RJ_Bundi,Overall,490895,160437
RJ_Chittorgarh,Overall,645139,186085
RJ_Churu,Overall,820466,246032
RJ_Dausa,Overall,681733,142232
RJ_Dholpur,Overall,487653,122868
RJ_Dungarpur,Overall,540083,138927
RJ_Ganganagar,Overall,741884,266998
RJ_Hanumangarh,Overall,717963,213975
RJ_Jaipur,Overall,1746619,592020
RJ_Jaipur,Overall,1199814,422302
RJ_Jaisalmer,Overall,282413,80076
RJ_Jalore,Overall,717677,175918
RJ_Jhalawar,Overall,613985,140399
RJ_Jhunjhunu,Overall,952847,347869
RJ_Jodhpur,Overall,1542099,560446
RJ_Karauli,Overall,589562,142698
RJ_Kota,Overall,892276,325307
RJ_Nagaur,Overall,1369731,558048
RJ_Pali,Overall,800049,258411
RJ_Pratapgarh,Overall,382915,79262
RJ_Rajsamand,Overall,479121,114933
RJ_Sawai Madhopur,Overall,541702,140678
RJ_Sikar,Overall,1178809,444674
RJ_Sirohi,Overall,429580,141766
RJ_Tonk,Overall,617382,169068
RJ_Udaipur,Overall,1195059,370381
SK_East Sikkim,Overall,252376,80174
SK_North Sikkim,Overall,31734,9586
SK_South Sikkim,Overall,116797,36563
SK_West Sikkim,Overall,99922,31719
TG_Adilabad,Overall,102774,34441
TG_Bhadradri Kothagudem,Overall,271566,80911
TG_Hyderabad,Overall,2559011,906309
TG_Jagtial,Overall,211881,93364
TG_Jangaon,Overall,104689,43562
TG_Jayashankar Bhupalapally,Overall,139834,41928
TG_Jogulamba Gadwal,Overall,81941,26417
TG_Kamareddy,Overall,222830,92871
TG_Karimnagar,Overall,399106,163858
TG_Khammam,Overall,422413,105043
TG_Komaram Bheem,Overall,70674,23196
TG_Mahabubabad,Overall,186935,66052
TG_Mahabubnagar,Overall,162824,64070
TG_Mancherial,Overall,211576,64717
TG_Medak,Overall,175497,57552
TG_Medchal Malkajgiri,Overall,1568595,534671
TG_Mulugu,Overall,95566,29590
TG_Nagarkurnool,Overall,144807,53187
TG_Nalgonda,Overall,338773,80855
TG_Narayanpet,Overall,62444,16985
TG_Nirmal,Overall,167959,81537
TG_Nizamabad,Overall,309037,118396
TG_Peddapalli,Overall,283506,76064
TG_Rajanna Sircilla,Overall,155270,68534
TG_Ranga Reddy,Overall,1623649,538193
TG_Sangareddy,Overall,354537,116839
TG_Siddipet,Overall,301191,118777
TG_Suryapet,Overall,254753,78972
TG_Vikarabad,Overall,121682,41361
TG_Wanaparthy,Overall,91061,34017
TG_Warangal Rural,Overall,142093,34349
TG_Warangal Urban,Overall,484676,138403
TG_Yadadri Bhuvanagiri,Overall,250539,127093
TN_Ariyalur,Overall,185706,34467
TN_Chengalpattu,Overall,723075,194498
TN_Chennai,Overall,3192545,1191329
TN_Coimbatore,Overall,1558849,367472
TN_Cuddalore,Overall,577218,114903
TN_Dharmapuri,Overall,418966,68649
TN_Dindigul,Overall,318253,64508
TN_Dindigul,Overall,255115,48494
TN_Erode,Overall,718383,129173
TN_Kallakurichi,Overall,313083,45276
TN_Kancheepuram,Overall,306711,46858
TN_Kanyakumari,Overall,550893,116025
TN_Karur,Overall,309227,54085
TN_Krishnagiri,Overall,596961,108515
TN_Madurai,Overall,786060,188840
TN_Nagapattinam,Overall,399779,58996
TN_Namakkal,Overall,543375,118141
TN_Nilgiris,Overall,392074,103208
TN_Perambalur,Overall,173685,31271
TN_Pudukkottai,Overall,198731,26331
TN_Pudukkottai,Overall,238770,38247
TN_Ramanathapuram,Overall,196526,33593
TN_Ramanathapuram,Overall,199264,30335
TN_Ranipet,Overall,252509,44537
TN_Salem,Overall,287060,77564
TN_Salem,Overall,736824,163215
TN_Sivaganga,Overall,363612,56964
TN_Tenkasi,Overall,318670,54592
TN_Thanjavur,Overall,589530,102787
TN_Theni,Overall,322318,52539
TN_Thiruvallur,Overall,222002,51970
TN_Thiruvallur,Overall,502039,113587
TN_Thiruvarur,Overall,330191,45513
TN_Thoothukkudi,Overall,200075,36278
TN_Thoothukkudi,Overall,234604,44713
TN_Tiruchirappalli,Overall,792926,180677
TN_Tirunelveli,Overall,374182,72065
TN_Tirupathur,Overall,278345,57205
TN_Tiruppur,Overall,751658,131533
TN_Tiruvannamalai,Overall,242025,29741
TN_Tiruvannamalai,Overall,366628,46798
TN_Vellore,Overall,404871,120993
TN_Viluppuram,Overall,436091,70415
TN_Virudhunagar,Overall,328047,66213
TN_Virudhunagar,Overall,260653,66262
TR_Dhalai,Overall,250779,63601
TR_Gomati,Overall,269862,77502
TR_Khowai,Overall,188736,58696
TR_North Tripura,Overall,273943,88874
TR_Sipahijala,Overall,324924,104520
TR_South Tripura,Overall,297326,101938
TR_Unokoti,Overall,168790,48192
TR_West Tripura,Overall,659337,283463
UP_Agra,Overall,1164900,229477
UP_Aligarh,Overall,779376,155306
UP_Ambedkar Nagar,Overall,502246,80417
UP_Amethi,Overall,475261,98128
UP_Amroha,Overall,392567,68078
UP_Auraiya,Overall,302129,51155
UP_Ayodhya,Overall,559674,109689
UP_Azamgarh,Overall,1030101,161205
UP_Baghpat,Overall,470009,88644
UP_Bahraich,Overall,938721,129849
UP_Ballia,Overall,533698,117643
UP_Balrampur,Overall,549271,110111
UP_Banda,Overall,414902,50832
UP_Barabanki,Overall,759633,99340
UP_Bareilly,Overall,1070976,224470
UP_Basti,Overall,666747,101155
UP_Bhadohi,Overall,382210,64798
UP_Bijnor,Overall,863344,152813
UP_Budaun,Overall,535384,96669
UP_Bulandshahr,Overall,1024222,166047
UP_Chandauli,Overall,415630,60592
UP_Chitrakoot,Overall,260473,24323
UP_Deoria,Overall,630052,134678
UP_Etah,Overall,347047,53243
UP_Etawah,Overall,363780,63649
UP_Farrukhabad,Overall,379313,65981
UP_Fatehpur,Overall,579668,99203
UP_Firozabad,Overall,540488,87123
UP_Gautam Buddha Nagar,Overall,1433962,360371
UP_Ghaziabad,Overall,1367395,317819
UP_Ghazipur,Overall,842374,115732
UP_Gonda,Overall,997649,129900
UP_Gorakhpur,Overall,1238646,255319
UP_Hamirpur,Overall,314741,49132
UP_Hapur,Overall,360386,71825
UP_Hardoi,Overall,837276,103318
UP_Hathras,Overall,386914,68402
UP_Jalaun,Overall,422948,66235
UP_Jaunpur,Overall,958703,183525
UP_Jhansi,Overall,561543,118657
UP_Kannauj,Overall,384393,41133
UP_Kanpur Dehat,Overall,393291,58767
UP_Kanpur Nagar,Overall,1130469,290306
UP_Kasganj,Overall,286770,43001
UP_Kaushambi,Overall,296640,53955
UP_Kushinagar,Overall,698098,138961
UP_Lakhimpur Kheri,Overall,737804,95696
UP_Lalitpur,Overall,289870,34355
UP_Lucknow,Overall,1713972,547681
UP_Maharajganj,Overall,532658,96850
UP_Mahoba,Overall,303314,48475
UP_Mainpuri,Overall,374234,57213
UP_Mathura,Overall,711494,144991
UP_Mau,Overall,434124,91187
UP_Meerut,Overall,1198295,315643
UP_Mirzapur,Overall,700507,105939
UP_Moradabad,Overall,677386,152807
UP_Muzaffarnagar,Overall,696786,124525
UP_Pilibhit,Overall,472944,88132
UP_Pratapgarh,Overall,571849,105818
UP_Prayagraj,Overall,1153725,278520
UP_Rae Bareli,Overall,498390,80795
UP_Rampur,Overall,400806,79192
UP_Saharanpur,Overall,940308,195244
UP_Sambhal,Overall,379251,63839
UP_Sant Kabir Nagar,Overall,312162,53826
UP_Shahjahanpur,Overall,612030,104845
UP_Shamli,Overall,319256,64825
UP_Shrawasti,Overall,323121,35360
UP_Siddharthnagar,Overall,724748,102565
UP_Sitapur,Overall,769671,120138
UP_Sonbhadra,Overall,343945,75325
UP_Sultanpur,Overall,501554,106540
UP_Unnao,Overall,605005,110730
UP_Varanasi,Overall,1105036,288111
UT_Almora,Overall,319236,116868
UT_Bageshwar,Overall,176476,58519
UT_Chamoli,Overall,238711,86546
UT_Champawat,Overall,168238,55175
UT_Dehradun,Overall,1067509,399123
UT_Haridwar,Overall,899271,219977
UT_Nainital,Overall,560362,181532
UT_Pauri Garhwal,Overall,329398,125273
UT_Pithoragarh,Overall,248546,78582
UT_Rudraprayag,Overall,162291,46684
UT_Tehri Garhwal,Overall,307507,101122
UT_Udham Singh Nagar,Overall,807126,180821
UT_Uttarkashi,Overall,211186,72232
WB_Alipurduar,Overall,412650,159599
WB_Bankura,Overall,549070,219178
WB_Bankura,Overall,267598,87151
WB_Birbhum,Overall,630748,230628
WB_Birbhum,Overall,381719,128844
WB_Cooch Behar,Overall,494699,210246
WB_Dakshin Dinajpur,Overall,396502,179652
WB_Darjeeling,Overall,763086,268759
WB_Hooghly,Overall,1435871,641359
WB_Howrah,Overall,1306202,459345
WB_Jalpaiguri,Overall,502113,153667
WB_Jhargram,Overall,252020,71153
WB_Kalimpong,Overall,148058,55789
WB_Kolkata,Overall,3801296,1359794
WB_Malda,Overall,709391,268876
WB_Murshidabad,Overall,1171972,494059
WB_Nadia,Overall,994959,426292
WB_North 24 Parganas,Overall,529606,224677
WB_North 24 Parganas,Overall,2667798,809105
WB_Paschim Bardhaman,Overall,786694,258180
WB_Paschim Medinipur,Overall,948146,380217
WB_Purba Bardhaman,Overall,937024,457682
WB_Purba Medinipur,Overall,655677,304508
WB_Purba Medinipur,Overall,883475,367506
WB_Purulia,Overall,580596,206567
WB_South 24 Parganas,Overall,778428,318281
WB_South 24 Parganas,Overall,1289167,474980
WB_Uttar Dinajpur,Overall,540958,173055
